id;title;date_time;description
1;hard drive Robust Networked;2019-08-27T06:01:58;system Small
2;Intelligent Outdoors;2019-08-26T15:43:47;knowledge base Buckinghamshire
3;Concrete Investment Account Saint Lucia;2019-08-27T02:07:48;Brand
4;neutral Salad;2019-08-26T08:41:27;virtual deposit
5;Squares mint green e-business;2019-08-26T09:48:17;projection Fresh
6;support Gorgeous;2019-08-27T01:31:58;synergies copying
7;ability Hat Iraq;2019-08-26T19:22:03;Bahamian Dollar
8;24/7;2019-08-26T08:22:25;conglomeration
9;Oklahoma facilitate;2019-08-27T05:26:45;Versatile Exclusive Moroccan Dirham
10;capability zero tolerance Computers;2019-08-26T16:22:26;Berkshire Small Plastic Pants Investor
