id;title;date_and_time;description
1;transform;2019-07-08T08:35:56;Supervisor clear-thinking
2;Latvia;2019-07-08T14:33:23;invoice Devolved
3;Computers Bedfordshire Fish;2019-07-08T22:22:00;program alarm
4;Nevada;2019-07-09T04:54:49;turn-key dedicated
5;Wisconsin;2019-07-08T07:40:07;Cambridgeshire Investor
6;cross-platform Borders;2019-07-08T17:18:59;Cambridgeshire white sensor
7;Alaska;2019-07-08T12:43:00;Intelligent Frozen Sausages Villages
8;Human;2019-07-08T22:16:41;Automotive Tactics architectures
9;Wisconsin Facilitator Incredible;2019-07-08T23:49:31;fuchsia eco-centric
10;Pants Maryland;2019-07-08T08:41:40;UIC-Franc Arkansas Intelligent
